{"cameraMode":{"drawMode":0,"name":"Shaded","section":"Shading Mode"},"sceneLighting":false,"audioPlay":false,"sceneViewState":{"m_AlwaysRefresh":false,"showFog":true,"showSkybox":true,"showFlares":true,"showImageEffects":true,"showParticleSystems":true,"showVisualEffectGraphs":true,"m_FxEnabled":true},"in2DMode":false,"pivot":{"x":69.70626831054688,"y":7.6598896980285648,"z":72.8553695678711},"rotation":{"x":0.014727973379194737,"y":-0.12659192085266114,"z":0.0015745500568300486,"w":0.991972804069519},"size":17.08026695251465,"orthographic":false}