{"cameraMode":{"drawMode":0,"name":"Shaded","section":"Shading Mode"},"sceneLighting":false,"audioPlay":false,"sceneViewState":{"m_AlwaysRefresh":true,"showFog":true,"showSkybox":true,"showFlares":true,"showImageEffects":true,"showParticleSystems":true,"showVisualEffectGraphs":true,"m_FxEnabled":true},"in2DMode":false,"pivot":{"x":10.446015357971192,"y":21.051429748535158,"z":79.8860092163086},"rotation":{"x":0.061523571610450748,"y":0.8988604545593262,"z":-0.12912510335445405,"w":0.41627180576324465},"size":0.8660253882408142,"orthographic":false}