{"cameraMode":{"drawMode":0,"name":"Shaded","section":"Shading Mode"},"sceneLighting":false,"audioPlay":false,"sceneViewState":{"m_AlwaysRefresh":true,"showFog":true,"showSkybox":true,"showFlares":true,"showImageEffects":true,"showParticleSystems":true,"showVisualEffectGraphs":true,"m_FxEnabled":true},"in2DMode":false,"pivot":{"x":36.00273513793945,"y":3.6081607341766359,"z":29.585880279541017},"rotation":{"x":0.021111203357577325,"y":0.5715911388397217,"z":-0.006447040010243654,"w":0.821487307548523},"size":0.6371431946754456,"orthographic":false}