{"cameraMode":{"drawMode":0,"name":"Shaded","section":"Shading Mode"},"sceneLighting":false,"audioPlay":false,"sceneViewState":{"m_AlwaysRefresh":true,"showFog":true,"showSkybox":true,"showFlares":true,"showImageEffects":true,"showParticleSystems":true,"showVisualEffectGraphs":true,"m_FxEnabled":true},"in2DMode":false,"pivot":{"x":53.36271667480469,"y":-3.1221683025360109,"z":20.77288246154785},"rotation":{"x":0.03897002711892128,"y":0.9339123964309692,"z":-0.09265585988759995,"w":0.34621694684028628},"size":11.05771541595459,"orthographic":false}