{"cameraMode":{"drawMode":0,"name":"Shaded","section":"Shading Mode"},"sceneLighting":false,"audioPlay":false,"sceneViewState":{"m_AlwaysRefresh":true,"showFog":true,"showSkybox":true,"showFlares":true,"showImageEffects":true,"showParticleSystems":true,"showVisualEffectGraphs":true,"m_FxEnabled":true},"in2DMode":false,"pivot":{"x":44.014217376708987,"y":2.3756327629089357,"z":31.212156295776368},"rotation":{"x":-0.00403625750914216,"y":-0.9919981956481934,"z":0.03132489696145058,"w":0.1318589746952057},"size":0.8660253882408142,"orthographic":false}