{"cameraMode":{"drawMode":0,"name":"Shaded","section":"Shading Mode"},"sceneLighting":true,"audioPlay":false,"sceneViewState":{"m_AlwaysRefresh":true,"showFog":true,"showSkybox":true,"showFlares":true,"showImageEffects":true,"showParticleSystems":true,"showVisualEffectGraphs":true,"m_FxEnabled":true},"in2DMode":false,"pivot":{"x":17.45203971862793,"y":20.449581146240236,"z":81.47904968261719},"rotation":{"x":0.012454809620976448,"y":-0.709323525428772,"z":0.001146842841990292,"w":-0.7066640853881836},"size":4.469629764556885,"orthographic":false}