{"cameraMode":{"drawMode":0,"name":"Shaded","section":"Shading Mode"},"sceneLighting":true,"audioPlay":false,"sceneViewState":{"m_AlwaysRefresh":true,"showFog":true,"showSkybox":true,"showFlares":true,"showImageEffects":true,"showParticleSystems":true,"showVisualEffectGraphs":true,"m_FxEnabled":true},"in2DMode":false,"pivot":{"x":51.27086639404297,"y":5.619536876678467,"z":70.22237396240235},"rotation":{"x":0.009296238422393799,"y":0.6169235706329346,"z":-0.010633307509124279,"w":0.7882068753242493},"size":21.56704330444336,"orthographic":false}