{"cameraMode":{"drawMode":0,"name":"Shaded","section":"Shading Mode"},"sceneLighting":true,"audioPlay":false,"sceneViewState":{"m_AlwaysRefresh":true,"showFog":true,"showSkybox":true,"showFlares":true,"showImageEffects":true,"showParticleSystems":true,"showVisualEffectGraphs":true,"m_FxEnabled":true},"in2DMode":false,"pivot":{"x":15.18215274810791,"y":15.410326957702637,"z":85.86759948730469},"rotation":{"x":0.07004287093877793,"y":0.6590007543563843,"z":-0.07532429695129395,"w":0.7462735772132874},"size":0.19033142924308778,"orthographic":false}