{"cameraMode":{"drawMode":0,"name":"Shaded","section":"Shading Mode"},"sceneLighting":false,"audioPlay":false,"sceneViewState":{"m_AlwaysRefresh":false,"showFog":true,"showSkybox":true,"showFlares":true,"showImageEffects":true,"showParticleSystems":true,"showVisualEffectGraphs":true,"m_FxEnabled":true},"in2DMode":false,"pivot":{"x":29.997798919677736,"y":5.652238368988037,"z":60.470863342285159},"rotation":{"x":-0.02175581082701683,"y":0.4271133542060852,"z":0.014875496737658978,"w":0.9043902158737183},"size":5.648259162902832,"orthographic":false}