{"cameraMode":{"drawMode":0,"name":"Shaded","section":"Shading Mode"},"sceneLighting":true,"audioPlay":false,"sceneViewState":{"m_AlwaysRefresh":true,"showFog":true,"showSkybox":true,"showFlares":true,"showImageEffects":true,"showParticleSystems":true,"showVisualEffectGraphs":true,"m_FxEnabled":true},"in2DMode":false,"pivot":{"x":840.9963989257813,"y":486.8324890136719,"z":1259.65576171875},"rotation":{"x":0.027976516634225847,"y":-0.027603834867477418,"z":0.001737505430355668,"w":0.9997265934944153},"size":1101.45361328125,"orthographic":false}