{"cameraMode":{"drawMode":0,"name":"Shaded","section":"Shading Mode"},"sceneLighting":true,"audioPlay":false,"sceneViewState":{"m_AlwaysRefresh":true,"showFog":true,"showSkybox":true,"showFlares":true,"showImageEffects":true,"showParticleSystems":true,"showVisualEffectGraphs":true,"m_FxEnabled":true},"in2DMode":false,"pivot":{"x":50.384742736816409,"y":72.90162658691406,"z":81.56541442871094},"rotation":{"x":0.009296238422393799,"y":0.6169235706329346,"z":-0.010633307509124279,"w":0.7882068753242493},"size":38.56835174560547,"orthographic":false}