{"cameraMode":{"drawMode":0,"name":"Shaded","section":"Shading Mode"},"sceneLighting":true,"audioPlay":false,"sceneViewState":{"m_AlwaysRefresh":true,"showFog":true,"showSkybox":true,"showFlares":true,"showImageEffects":true,"showParticleSystems":true,"showVisualEffectGraphs":true,"m_FxEnabled":true},"in2DMode":false,"pivot":{"x":17.140729904174806,"y":17.46816062927246,"z":83.30445098876953},"rotation":{"x":-0.035741209983825687,"y":-0.6005028486251831,"z":0.03911660984158516,"w":-0.7995368838310242},"size":4.469629764556885,"orthographic":false}