{"cameraMode":{"drawMode":0,"name":"Shaded","section":"Shading Mode"},"sceneLighting":true,"audioPlay":false,"sceneViewState":{"m_AlwaysRefresh":true,"showFog":true,"showSkybox":true,"showFlares":true,"showImageEffects":true,"showParticleSystems":true,"showVisualEffectGraphs":true,"m_FxEnabled":true},"in2DMode":false,"pivot":{"x":247.9410400390625,"y":5.839752197265625,"z":59.64923095703125},"rotation":{"x":0.0010325302137061954,"y":0.9988654851913452,"z":0.017575493082404138,"w":-0.04795457795262337},"size":8.025296211242676,"orthographic":false}