{"cameraMode":{"drawMode":0,"name":"Shaded","section":"Shading Mode"},"sceneLighting":true,"audioPlay":false,"sceneViewState":{"m_AlwaysRefresh":true,"showFog":true,"showSkybox":true,"showFlares":true,"showImageEffects":true,"showParticleSystems":true,"showVisualEffectGraphs":true,"m_FxEnabled":true},"in2DMode":false,"pivot":{"x":231.24264526367188,"y":2.8529932498931886,"z":121.49736785888672},"rotation":{"x":-0.12872090935707093,"y":0.6766049265861511,"z":-0.12292800843715668,"w":-0.7148443460464478},"size":16.078262329101564,"orthographic":false}