{"cameraMode":{"drawMode":0,"name":"Shaded","section":"Shading Mode"},"sceneLighting":true,"audioPlay":false,"sceneViewState":{"m_AlwaysRefresh":true,"showFog":true,"showSkybox":true,"showFlares":true,"showImageEffects":true,"showParticleSystems":true,"showVisualEffectGraphs":true,"m_FxEnabled":true},"in2DMode":false,"pivot":{"x":136.4070587158203,"y":26.066612243652345,"z":158.1839141845703},"rotation":{"x":-0.011396735906600953,"y":-0.782578706741333,"z":0.012498506344854832,"w":-0.6239152550697327},"size":4.952724456787109,"orthographic":false}