{"cameraMode":{"drawMode":0,"name":"Shaded","section":"Shading Mode"},"sceneLighting":true,"audioPlay":false,"sceneViewState":{"m_AlwaysRefresh":true,"showFog":true,"showSkybox":true,"showFlares":true,"showImageEffects":true,"showParticleSystems":true,"showVisualEffectGraphs":true,"m_FxEnabled":true},"in2DMode":false,"pivot":{"x":125.89019012451172,"y":78.01219177246094,"z":138.60556030273438},"rotation":{"x":0.018185604363679887,"y":-0.85472172498703,"z":-0.5208961963653565,"w":-0.015834704041481019},"size":10.303444862365723,"orthographic":false}