{"cameraMode":{"drawMode":0,"name":"Shaded","section":"Shading Mode"},"sceneLighting":true,"audioPlay":false,"sceneViewState":{"m_AlwaysRefresh":true,"showFog":true,"showSkybox":true,"showFlares":true,"showImageEffects":true,"showParticleSystems":true,"showVisualEffectGraphs":true,"m_FxEnabled":true},"in2DMode":false,"pivot":{"x":-15.269819259643555,"y":14.008108139038086,"z":79.72090148925781},"rotation":{"x":0.03978526219725609,"y":0.4586888253688812,"z":-0.016762355342507364,"w":0.8892321586608887},"size":2.666025161743164,"orthographic":false}