{"cameraMode":{"drawMode":0,"name":"Shaded","section":"Shading Mode"},"sceneLighting":true,"audioPlay":false,"sceneViewState":{"m_AlwaysRefresh":true,"showFog":true,"showSkybox":true,"showFlares":true,"showImageEffects":true,"showParticleSystems":true,"showVisualEffectGraphs":true,"m_FxEnabled":true},"in2DMode":false,"pivot":{"x":211.77394104003907,"y":8.842273712158204,"z":124.16841125488281},"rotation":{"x":0.1410032957792282,"y":0.018828468397259713,"z":-0.012270238250494004,"w":0.991072416305542},"size":1.224743366241455,"orthographic":false}