{"cameraMode":{"drawMode":0,"name":"Shaded","section":"Shading Mode"},"sceneLighting":true,"audioPlay":false,"sceneViewState":{"m_AlwaysRefresh":true,"showFog":true,"showSkybox":true,"showFlares":true,"showImageEffects":true,"showParticleSystems":true,"showVisualEffectGraphs":true,"m_FxEnabled":true},"in2DMode":false,"pivot":{"x":160.05245971679688,"y":15.04400634765625,"z":116.16729736328125},"rotation":{"x":0.014789302833378315,"y":-0.962006688117981,"z":-0.05253981798887253,"w":-0.2678055763244629},"size":3.2660250663757326,"orthographic":false}