{"cameraMode":{"drawMode":0,"name":"Shaded","section":"Shading Mode"},"sceneLighting":false,"audioPlay":false,"sceneViewState":{"m_AlwaysRefresh":true,"showFog":true,"showSkybox":true,"showFlares":true,"showImageEffects":true,"showParticleSystems":true,"showVisualEffectGraphs":true,"m_FxEnabled":true},"in2DMode":false,"pivot":{"x":88.38203430175781,"y":14.183525085449219,"z":79.50332641601563},"rotation":{"x":0.003006241051480174,"y":0.7139095664024353,"z":-0.0018096971325576306,"w":0.7007573843002319},"size":2.686277151107788,"orthographic":false}