{"cameraMode":{"drawMode":0,"name":"Shaded","section":"Shading Mode"},"sceneLighting":false,"audioPlay":false,"sceneViewState":{"m_AlwaysRefresh":true,"showFog":true,"showSkybox":true,"showFlares":true,"showImageEffects":true,"showParticleSystems":true,"showVisualEffectGraphs":true,"m_FxEnabled":true},"in2DMode":false,"pivot":{"x":95.87528228759766,"y":1.9713122844696046,"z":92.89437103271485},"rotation":{"x":-0.0030140792950987818,"y":0.9979827404022217,"z":-0.07299427688121796,"w":0.022898761555552484},"size":0.8660253882408142,"orthographic":false}