{"cameraMode":{"drawMode":0,"name":"Shaded","section":"Shading Mode"},"sceneLighting":true,"audioPlay":false,"sceneViewState":{"m_AlwaysRefresh":true,"showFog":true,"showSkybox":true,"showFlares":true,"showImageEffects":true,"showParticleSystems":true,"showVisualEffectGraphs":true,"m_FxEnabled":true},"in2DMode":false,"pivot":{"x":18.566011428833009,"y":65.27848815917969,"z":182.80398559570313},"rotation":{"x":-0.09631823748350144,"y":-0.7619715929031372,"z":0.12037577480077744,"w":-0.6317695379257202},"size":0.9006192088127136,"orthographic":false}