{"cameraMode":{"drawMode":0,"name":"Shaded","section":"Shading Mode"},"sceneLighting":false,"audioPlay":false,"sceneViewState":{"m_AlwaysRefresh":true,"showFog":true,"showSkybox":true,"showFlares":true,"showImageEffects":true,"showParticleSystems":true,"showVisualEffectGraphs":true,"m_FxEnabled":true},"in2DMode":false,"pivot":{"x":83.50652313232422,"y":10.241368293762207,"z":102.62003326416016},"rotation":{"x":0.03778640553355217,"y":-0.9415062665939331,"z":0.11729937046766281,"w":0.3148225247859955},"size":1.4154858589172364,"orthographic":false}